base,shoulder_lift,elbow,wrist_1,wrist_2,wrist_3
-1.5707963267948966,-1.5707963267948966,-1.5707963267948966,-1.5707963267948966,1.5707963267948966,0.0
-1.4355945844919016,-1.3897420911765144,-1.5625708719533062,-1.6243593994754948,1.3682958899203457,0.16582148487501816
-1.1512638262681412,-1.323947591131839,-1.464493811580385,-1.5489462896418658,1.2239733552146446,0.13129811942896397
-0.8138018942671961,-1.3922776095852143,-1.4653215680465927,-1.5653361092087121,1.2839543899635562,0.12216482141566821
-0.6572863361950736,-1.3803756904238775,-1.2985864381202605,-1.5500415644076535,1.4782679349867112,-0.056913217355033144
-0.3803910383192458,-1.2481015612741682,-1.232429568526968,-1.6608870310561437,1.585907524596703,-0.06601369259700236
-0.07431215000837177,-1.3146445300086287,-1.3037230298028077,-1.656536075686934,1.506726036567791,0.04807553109479447
0.23345300295249288,-1.338137903745687,-1.3306617695338498,-1.6381628779798516,1.4084783557441,0.17657765222091543
0.47751715471219847,-1.4790423859450004,-1.1448862925444718,-1.7007712971960354,1.4256202940026526,0.11060471331928376
0.7215813064719041,-1.6199468681443139,-0.9591108155550938,-1.763379716412219,1.4427622322612048,0.044631774417652106
0.8058937447357309,-1.668622596926567,-0.8949343139194863,-1.7850079172024662,1.4486839483375973,0.021841293725905674
0.8587246691111752,-1.8144010900531373,-1.1486554626096614,-1.6598896532577188,1.5748860367543291,0.07185685115985331
0.9817365485184915,-1.7558420987760925,-1.4697258235059505,-1.65254165244762,1.6030963242586314,0.07356915435759913
1.2226586485228335,-1.549664240444439,-1.5703076577052064,-1.5766738929024682,1.54737278001258,0.019076065156846917
1.570657279059839,-1.5706000520693744,-1.5713204998276125,-1.57043126305149,1.570816187036014,-0.0001347475923907382
