time,q_base,q_shoulder_lift,q_elbow,q_wrist_1,q_wrist_2,q_wrist_3,qd_base,qd_shoulder_lift,qd_elbow,qd_wrist_1,qd_wrist_2,qd_wrist_3
0.0,-1.5707963267948966,-1.5707963267948966,-1.5707963267948966,-1.5707963267948966,1.5707963267948966,0.0,0.0,0.0,0.0,0.0,0.0,0.0
0.02,-1.5707924293701145,-1.5707963265513896,-1.5707963274452086,-1.5707963263419824,1.570796326819536,-1.6717375832711688e-10,0.0005831470511505627,3.643441596283318e-08,-9.730207625898021e-08,6.776666860612913e-08,3.68665035230541e-09,-2.501315346687011e-08
0.04,-1.5707653815920066,-1.5707963248614727,-1.5707963319583154,-1.5707963231987996,1.5707963269905318,-1.3273446336042055e-09,0.00230920400932367,1.4427664386322688e-07,-3.8530649202364184e-07,2.6834923118453434e-07,1.459876673940368e-08,-9.904958647662188e-08
0.06,-1.570692673963783,-1.5707963203187765,-1.5707963440900807,-1.5707963147495523,1.5707963274501888,-4.446021233933527e-09,0.005143359641749443,3.213517143989883e-07,-8.582047548752018e-07,5.977023251285923e-07,3.2516272864412156e-08,-2.2061612727107543e-07
0.08,-1.570552489679173,-1.5707963115602095,-1.570796367480788,-1.5707962984589408,1.5707963283364326,-1.0459000323295186e-08,0.009051156129188664,5.655067391745459e-07,-1.5102473418610575e-06,1.051821657502813e-06,5.7221326707573894e-08,-3.882347631961949e-07
0.1,-1.5703236975541564,-1.5707962972655174,-1.5707964056563197,-1.5707962718713415,1.5707963297828542,-2.027267000363001e-08,0.013998489065932774,8.746109107009493e-07,-2.3357436994947873e-06,1.62674400504284e-06,8.849832052625769e-08,-6.004426407020883e-07
0.12,-1.5699858449586912,-1.5707962761568417,-1.5707964620293375,-1.570796232609984,1.5707963319187555,-3.4764312896922407e-08,0.019951607459803865,1.2465555023958693e-06,-3.3290622437561484e-06,2.3185472141554486e-06,1.2613388085495794e-07,-8.557920653430075e-07
0.14,-1.569519150748444,-1.570796246998277,-1.5707965399004602,-1.5707961783761302,1.570796334869192,-5.478240932728333e-08,0.026877113732154703,1.6792538685835986e-06,-4.4846303600910825e-06,3.12335020091855e-06,1.6991686850529499e-07,-1.152850501777349e-06
0.16,-1.568904498196519,-1.5707962085954306,-1.570796642459445,-1.5707961069482534,1.5707963387550197,-8.114694050303296e-08,0.034741963717868696,2.1706414444950497e-06,-5.796934403411706e-06,4.037312951081185e-06,2.196383785660146e-07,-1.490200573767652e-06
0.18,-1.568123427925187,-1.5707961597949793,-1.570796772786365,-1.570796016181216,1.5707963436929389,-1.1464969169878387e-07,0.043513466665359914,2.718675746267758e-06,-7.260519698096321e-06,5.056636520063531e-06,2.7509174040298844e-07,-1.8664400641806004e-06
0.2,-1.5671581308376161,-1.57079609948423,-1.57079693385279,-1.5707959040054487,1.5707963497955384,-1.560545554375237e-07,0.053159285236573116,3.32133637094588e-06,-8.86999053798941e-06,6.1775630329568996e-06,3.360725176592139e-07,-2.2801819149870234e-06
0.22,-1.5659914410495992,-1.5707960265906762,-1.5707971285229654,-1.5707957684261296,1.5707963571713406,-2.0609783467269793e-07,0.06364743550698365,3.97662499648019e-06,-1.0620010186401627e-05,7.396375684523728e-06,4.023785082548139e-07,-2.7300542272618903e-06
0.24,-1.564606828821285,-1.5707959400815568,-1.5707973595549913,-1.570795607522361,1.5707963659248465,-2.654885459702932e-07,0.07494628696559759,4.68256538172809e-06,-1.2505300876109822e-05,8.709398739197596e-06,4.738097443870373e-07,-3.2147002611843193e-06
0.26,-1.5629883934889066,-1.5707958389634151,-1.5707976296020023,-1.5707954194463507,1.57079637615658,-3.3490872269091974e-07,0.08702456251495168,5.437203366453599e-06,-1.4520643809357015e-05,1.0112997531083212e-05,5.501684925302586e-07,-3.732778436037569e-06
0.28,-1.5611208563965113,-1.5707957222816569,-1.5707979412133468,-1.570795202422588,1.5707963879631324,-4.1501371817189443e-07,0.09985133847111322,6.238606871327356e-06,-1.6660879157852407e-05,1.1603578463956417e-05,6.312592534359779e-07,-4.282962330209043e-06
0.3,-1.5589895538276892,-1.5707955891201084,-1.5707982968357659,-1.570794954747024,1.5707964014372078,-5.064325089093233e-07,0.11339604456368026,7.0848658979266235e-06,-1.892090606277138e-05,1.3177589011264187e-05,7.16888762132821e-07,-4.863940681190289e-06
0.32,-1.5565804299373034,-1.5707954386005751,-1.570798698814574,-1.5707946747862491,1.5707964166676671,-6.097679977401858e-07,0.12762846393578153,7.974092528735288e-06,-2.1295682634755504e-05,1.4831517716124632e-05,8.068659879265397e-07,-5.474417385576999e-06
0.34,-1.5538800296832196,-1.5707952698824004,-1.5707991493948366,-1.5707943609766726,1.570796433739573,-7.255973170244156e-07,0.14251873314407631,8.90442092714385e-06,-2.378022595391252e-05,1.6561894191326994e-05,9.010021344000114e-07,-6.113111499069009e-06
0.36,-1.5508754917580343,-1.570795082162023,-1.570799650722551,-1.5707940118237007,1.5707964527342344,-8.544721318269848e-07,0.15803734215875462,9.874007337449435e-06,-2.6369612069816344e-05,1.8365289119331643e-05,9.991106394132384e-07,-6.778757236470295e-06
0.38,-1.547554541520805,-1.5707948746725362,-1.570800204845825,-1.5707936259009156,1.5707964737292517,-9.96918943099987e-07,0.17415513436353713,1.0881030084855795e-05,-2.9058976001507097e-05,2.0238314252270095e-05,1.1010071751033505e-06,-7.470103971688985e-06
0.4,-1.54390548392878,-1.570794646683246,-1.5708008137160565,-1.570793201849253,1.5707964967985606,-1.1534393908647192e-06,0.19084330655567522,1.1923689575473297e-05,-3.1843511737491066e-05,2.217762241194499e-05,1.2065096478846018e-06,-8.185916237737347e-06
0.42,-1.5399171964691267,-1.5707943974992298,-1.5708014791891132,-1.5707927383761822,1.5707965220124775,-1.3245105573937645e-06,0.2080734089459507,1.3000208296318923e-05,-3.471847223574069e-05,2.417990748983009e-05,1.3154381984483716e-06,-8.924973726731785e-06
0.44,-1.535579122090662,-1.5707941264608938,-1.570802203026511,-1.5707922342548832,1.5707965494377443,-1.510585270393078e-06,0.22581734515867638,1.4108830815316296e-05,-3.7679169423694654e-05,2.6241904447070327e-05,1.4276152017631672e-06,-9.686071289892861e-06
0.46,-1.5308812621355807,-1.5707938329435325,-1.5708029868965943,-1.5707916883234272,1.5707965791375722,-1.7120924061840652e-06,0.2440473722316955,1.5247823781295643e-05,-4.072097419825776e-05,2.8360389314481724e-05,1.5428652670746193e-06,-1.0468018937545277e-05
0.48,-1.5258141692711862,-1.5707935163568862,-1.5708038323757154,-1.5707910994839531,1.5707966111716871,-1.929437192885667e-06,0.262736100616382,1.6415475923993813e-05,-4.3839316425801026e-05,3.053217919255146e-05,1.6610152379054852e-06,-1.1269641839117867e-05
0.5,-1.520368940421618,-1.5707931761447005,-1.5708047409494135,-1.5707904667018475,1.5707966455963744,-2.1630015135964444e-06,0.28185649417764047,1.7610098054054286e-05,-4.7029684942161636e-05,3.275413225143785e-05,1.7818941920556483e-06,-1.2089780323143624e-05
0.52,-1.5145372096995835,-1.570792811784283,-1.5708057140135938,-1.5707897890049227,1.570796682464523,-2.413144209576658e-06,0.3013818701939062,1.8830023063027156e-05,-5.028762755264297e-05,3.5023147730970327e-05,1.9053334416021173e-06,-1.2927289877259681e-05
0.54,-1.508311141338085,-1.570792422786064,-1.5708067528757081,-1.5707890654825958,1.5707967218256706,-2.6802013834303527e-06,0.3212858993571452,2.007360592336914e-05,-5.360875103201456e-05,3.733616594064946e-05,2.0311665328990262e-06,-1.3781041148207308e-05
0.56,-1.5016834226221507,-1.5707920086931517,-1.5708078587559329,-1.570788295285067,1.570796763726048,-2.9644867022874406e-06,0.3415426057728539,2.133922368844358e-05,-5.698872112451215e-05,3.969016825964697e-05,2.1592292465776354e-06,-1.4649919941831926e-05
0.58,-1.4946472568205638,-1.5707915690808942,-1.570809032788349,-1.5707874776224975,1.570796808208624,-3.2662917009857824e-06,0.3621263669600596,2.2625275492520423e-05,-6.0423262543837643e-05,4.2082177136805686e-05,2.2893595975463307e-06,-1.55328272230831e-05
0.6,-1.4871963561175912,-1.5707911035564353,-1.5708102760221216,-1.57078661176419,1.5707968553131506,-3.5858860852532756e-06,0.38301191385132033,2.3930182550776266e-05,-6.390815897315914e-05,4.450925609063959e-05,2.421397834990624e-06,-1.642867911601453e-05
0.62,-1.479324934544713,-1.5707906117582735,-1.570811589422679,-1.5707856970377652,1.5707969050762063,-3.923518034889928e-06,0.4041743307927246,2.5252388159294306e-05,-6.743925306511092e-05,4.696850970933379e-05,2.5551864423731526e-06,-1.7336406903784082e-05
0.64,-1.4710277009123534,-1.570790093355821,-1.5708129738728929,-1.570784732828342,1.5707969575312417,-4.27941450694995e-06,0.42558905554389154,2.6590357695064362e-05,-7.10124464417934e-05,4.9457083650744525e-05,2.690570137433679e-06,-1.8254957028653735e-05
0.66,-1.4622998517416077,-1.5707895480489613,-1.5708144301742561,-1.5707837185777147,1.5707970127086248,-4.65378153892383e-06,0.44723187927797103,2.794257861598288e-05,-7.462369969477325e-05,5.197216464239916e-05,2.827395872189092e-06,-1.9183291091989637e-05
0.68,-1.4531370641959735,-1.5707889755676083,-1.570815959048064,-1.570782653783533,1.5707970706356844,-5.046804551920423e-06,0.4690789465816438,2.930756046085293e-05,-7.826903238508327e-05,5.451098048149621e-05,2.965512832933407e-06,-2.012038585426207e-05
0.7000000000000001,-1.4435354890130796,-1.5707883756712642,-1.5708175611365918,-1.5707815379984797,1.5707971313367552,-5.45864865384903e-06,0.49110675545512084,3.0683834849384194e-05,-8.194452304322245e-05,5.7070800034905315e-05,3.1047724402377625e-06,-2.1065233235045456e-05
0.72,-1.4334917434364147,-1.5707877481485777,-1.5708192370042757,-1.5707803708294497,1.5707971948332236,-5.88945894260148e-06,0.513292157312144,3.206995548219297e-05,-8.564630916915595e-05,5.9648933239167235e-05,3.245028348950424e-06,-2.201684031301836e-05
0.74,-1.423002904147058,-1.570787092816903,-1.5708209871388916,-1.5707791519367282,1.57079726114357,-6.339360809234222e-06,0.5356123569799859,3.346449814080222e-05,-8.937058723231516e-05,6.22427311004939e-05,3.386136448196786e-06,-2.2974229325963517e-05
0.76,-1.4120665001954076,-1.5707864095218578,-1.5708228119527343,-1.57077788103317,1.5707973302834164,-6.8084602411503934e-06,0.5580449126994498,3.4866060687641464e-05,-9.31136126715976e-05,6.484958569476834e-05,3.5279548613793636e-06,-2.393643767076777e-05
0.78,-1.40068050593291,-1.5707856981368815,-1.5708247117837972,-1.5707765578833772,1.5707974022655684,-7.29684412528191e-06,0.5805677361248694,3.627326306604689e-05,-9.6871699895367e-05,6.746693016754472e-05,3.6703439461778005e-06,-2.490251790342213e-05
0.8,-1.3888433339437902,-1.5707849585627942,-1.5708266868969514,-1.5707751823028784,1.5707974771000621,-7.804580551271558e-06,0.6031590923241094,3.7684747300261285e-05,-0.00010064122228145324,7.009223873404836e-05,3.8131662945488647e-06,-2.5871537739021738e-05
0.8200000000000001,-1.3765538279767806,-1.5707841907273548,-1.5708287374851255,-1.5707737541573077,1.570797554794207,-8.331719114655054e-06,0.6257975997785645,3.909917749543406e-05,-0.0001044186121771524,7.272302667917569e-05,3.956286732726451e-06,-2.6842580051765885e-05
0.84,-1.3638112558768498,-1.5707833945848184,-1.5708308636704842,-1.570772273361582,1.5707976353526318,-8.878291220043152e-06,0.6484622303831608,4.051523983762125e-05,-0.0001082003608992267,7.535685035749426e-05,4.099572321221578e-06,-2.7814742874957992e-05
0.86,-1.3506153025169332,-1.5707825701154967,-1.570833065505609,-1.5707707398790816,1.570797718777329,-9.44431038430372e-06,0.6711323094463547,4.1931642593785524e-05,-0.00011198301873390463,7.799130719324281e-05,4.242892354822395e-06,-2.8787139401005666e-05
0.88,-1.3369660627296613,-1.5707817173253145,-1.5708353429746764,-1.570769153720826,1.5707978050676987,-1.0029772539743806e-05,0.6937875156901336,4.334711611179616e-05,-0.00011576319493688083,8.06240356803312e-05,4.386118362594172e-06,-2.9758897981420615e-05
0.9,-1.32286403423909,-1.5707808362453692,-1.5708376959946373,-1.5707675149446554,1.5707978942205947,-1.0634656337291745e-05,0.7164078812500151,4.476041282042905e-05,-0.00011953755773331605,8.325271538234036e-05,4.529124107879305e-06,-3.072916212681871e-05
0.92,-1.3083101105924295,-1.5707799269314886,-1.5708401244163979,-1.5707658236544075,1.5707979862303674,-1.125892344967922e-05,0.7389737916750475,4.617030722936672e-05,-0.00012330283431783728,8.58750669325224e-05,4.6717855882973184e-06,-3.169709050691995e-05
0.9400000000000001,-1.293305574091773,-1.5707789894637896,-1.5708426280259966,-1.5707640799990967,1.5707980810889108,-1.1902518874623368e-05,0.7614659859278101,4.7575595929198306e-05,-0.00012705581085453773,8.84888520338006e-05,4.81398103574486e-06,-3.2661856950548504e-05
0.96,-1.2778520887258278,-1.5707780239462366,-1.570845206545786,-1.570762284172093,1.5707981787857046,-1.2565371238008837e-05,0.7838655563844125,4.8975097591419556e-05,-0.00013079333247697662,9.109187345876923e-05,4.955590916395704e-06,-3.362265044563265e-05
0.98,-1.261951693101643,-1.5707770305061994,-1.5708478596356106,-1.5707604364102998,1.5707982793078612,-1.3247393097069902e-05,0.806153948834495,5.0367652968432885e-05,-0.00013451230328817955,9.36819750496939e-05,5.0964979307007505e-06,-3.457867513920484e-05
1.0,-1.24560679337634,-1.5707760092940124,-1.5708505868939864,-1.570758536993333,1.5707983826401686,-1.3948481243572508e-05,0.8283129624812291,5.175212489354729e-05,-0.00013820968636063828,9.625704171851122e-05,5.236587013388028e-06,-3.552915033740167e-05
1.02,-1.228820156188841,-1.5707749604825323,-1.5708533878592805,-1.5707565862426998,1.570798488765136,-1.4668517006996386e-05,0.8503247499413161,5.312739828097838e-05,-0.00014188250373631058,9.881499944682895e-05,5.375745333462683e-06,-3.647331050546386e-05
1.04,-1.2115949015915997,-1.5707738842666963,-1.5708562620108915,-1.570754584520977,1.570798597663039,-1.540736655771711e-05,0.8721718172449892,5.449238012584845e-05,-0.00014552783642662065,0.00010135381528592603,5.513862294206999e-06,-3.74104052677363e-05
1.06,-1.193934495982329,-1.5707727808630818,-1.5708592087704265,-1.5707525322309892,1.5707987093119626,-1.6164881210188203e-05,0.8938370238360104,5.584599950418631e-05,-0.0001491428244124586,0.00010387149735675243,5.650829533180375e-06,-3.833969940766799e-05
1.08,-1.1758427450357314,-1.570771650509463,-1.5708622275028832,-1.5707504298149888,1.5707988236878474,-1.6940897726123223e-05,0.9153035825716738,5.7187207572927474e-05,-0.00015272466664418088,0.00010636609484992935,5.786540922219338e-06,-3.926047286781208e-05
1.1,-1.1573237866352284,-1.570770493464371,-1.5708653175178269,-1.570748277753833,1.570798940764534,-1.7735238617677804e-05,0.936555059722804,5.8514977569914065e-05,-0.0001562706210416101,0.00010883569802574912,5.920892567437545e-06,-4.017202074982591e-05
1.12,-1.1383820838046899,-1.5707693100066502,-1.570868478070572,-1.5707460765661636,1.570799060513807,-1.854771245063178e-05,0.9575753749737559,5.9828304813894805e-05,-0.00015977800449403515,0.00011127843821417517,6.053782809225777e-06,-4.1073653314470906e-05
1.1400000000000001,-1.119022417640163,-1.5707681004350191,-1.5708717083633597,-1.5707438268075844,1.5707991829054404,-1.9378114147571257e-05,0.9783488014224153,6.112620670452506e-05,-0.0001632441928602109,0.00011369248781484208,6.185112222251939e-06,-4.1964695981612674e-05
1.16,-1.0992498802416024,-1.570766865067626,-1.5708750075465383,-1.570741529069841,1.5707993079072418,-2.0226225291070697e-05,0.9988599655801981,6.24077227223668e-05,-0.00016666662096835846,0.0001160760602970555,6.314783615461061e-06,-4.284448933022094e-05
1.18,-1.079069867644598,-1.5707656042416105,-1.5708783747197423,-1.5707391839799987,1.5707994354850978,-2.1091814426875005e-05,1.0190938473720517,6.36719144288886e-05,-0.00017004278261616517,0.00011842741019979229,6.4427020320752994e-06,-4.3712389098369584e-05
1.2,-1.0584880727521062,-1.5707643183126585,-1.5708818089330718,-1.5707367921996218,1.570799565603018,-2.1974637367081585e-05,1.0390357801364538,6.491786546646572e-05,-0.00017337023057078466,0.00012074483313170048,6.568774749593942e-06,-4.456776618323666e-05
1.22,-1.037510478266179,-1.570763007654563,-1.5708853091882722,-1.5707343544239512,1.5707996982231796,-2.2874437493322455e-05,1.0586714506254125,6.614468155837996e-05,-0.0001766465765688365,0.00012302666577109912,6.692911279793393e-06,-4.541000664110431e-05
1.24,-1.016143349619692,-1.5707616726587819,-1.5708888744399132,-1.5707318713810838,1.5707998333059725,-2.3790946059946313e-05,1.0779868990044674,6.735149050881984e-05,-0.0001798694913164066,0.00012527128586597847,6.8150233687271905e-06,-4.623851168735885e-05
1.26,-0.9943932279080756,-1.5707603137339958,-1.570892503596568,-1.5707293438311505,1.570799970810044,-2.4723882497200635e-05,1.096968518852687,6.853744220288035e-05,-0.000183036704489047,0.00012747711223399987,6.9350249967259895e-06,-4.705269769649075e-05
1.28,-0.9722669228210427,-1.5707589313056673,-1.5708961955219933,-1.5707267725654959,1.5708001106923435,-2.5672954714413728e-05,1.1156030571626725,6.970170860656328e-05,-0.00018614600473177591,0.00012964260476249588,7.05283237839758e-06,-4.7851996202094605e-05
1.3,-0.9497715055743191,-1.5707575258155981,-1.5708999490363087,-1.570724158405855,1.5708002529081666,-2.6637859403176864e-05,1.133877614340555,7.08434837667769e-05,-0.0001891952396590778,0.00013176626440847004,7.168363962626873e-06,-4.863585389686916e-05
1.32,-0.9269143018413729,-1.570756097721489,-1.5709037629171752,-1.5707215022035343,1.5708003974112008,-2.76182823405263e-05,1.1517796442059949,7.196198381133617e-05,-0.00019218231585490313,0.0001338466331985972,7.2815404325759026e-06,-4.9403732632617294e-05
1.34,-0.9037028846851438,-1.5707546474964966,-1.5709076359009753,-1.570718804838588,1.5708005441535688,-2.861389869212541e-05,1.1692969539921858,7.305644694896268e-05,-0.00019510519887266884,0.00013588229422922325,7.3922847056838345e-06,-5.015510942024606e-05
1.36,-0.8801450674897721,-1.5707531756287934,-1.5709115666839926,-1.5707160672189981,1.5708006930858749,-2.962437331544673e-05,1.1864177043458504,7.412613346928458e-05,-0.00019796191323525779,0.00013787187166636522,7.500521933666959e-06,-5.088947642976664e-05
1.3800000000000001,-0.8562488968923277,-1.5707516826211245,-1.5709155539235906,-1.5707132902798528,1.5708008441572479,-3.06493610629541e-05,1.203130409327241,7.517032574283669e-05,-0.00020075054243501905,0.00013981403074571125,7.6061795025186845e-06,-5.1606340990294296e-05
1.4000000000000001,-0.832022645714542,-1.5707501689903671,-1.5709195962393923,-1.5707104749825245,1.5708009973153876,-3.1688507085284657e-05,1.2194239364101438,7.618832822106047e-05,-0.00020346922893376814,0.00014170747777262073,7.709187032509558e-06,-5.230522559004859e-05
1.42,-0.8074748058945334,-1.570748635267089,-1.5709236922144596,-1.570707622313849,1.5708011525066075,-3.2741447134431e-05,1.235287506481873,7.717946743630395e-05,-0.00020611617416278638,0.00014355096012212402,7.809476378187241e-06,-5.298566787635306e-05
1.44,-0.782614081418539,-1.5707470819951057,-1.5709278403964733,-1.5707047332853037,1.5708013096758815,-3.380780786692327e-05,1.2507106938432728,7.814309200182178e-05,-0.00020868963852282142,0.00014534326623892265,7.906981628376524e-06,-5.364722065563546e-05
1.46,-0.757449381252645,-1.57074550973104,-1.5709320392989108,-1.5707018089321867,1.570801468766887,-3.488720714701114e-05,1.2656834262087213,7.907857261177529e-05,-0.0002111879413840872,0.00014708322563738944,8.001639106179327e-06,-5.428945189342773e-05
1.48,-0.7319898122745135,-1.5707439190438806,-1.5709362874022277,-1.5706988503127948,1.5708016297220504,-3.5979254349846e-05,1.2801959847061246,7.998530204123241e-05,-0.00021360946108626378,0.00014876970890156816,8.093387368974696e-06,-5.491194471436589e-05
1.5,-0.7062446722051137,-1.5707423105145388,-1.5709405831550354,-1.570695858507603,1.5708017924825919,-3.7083550664662995e-05,1.2942390038769203,8.086269514616764e-05,-0.00021595263493849734,0.0001504016276851738,8.182167208418793e-06,-5.551429740219011e-05
1.52,-0.6802234425404505,-1.5707406847354088,-1.5709449249752816,-1.5706928346184417,1.570801956988569,-3.8199689397963126e-05,1.3078034716760767,8.171018886346213e-05,-0.0002182159592194002,0.0001519779347115924,8.267921650444915e-06,-5.6096123399744734e-05
1.54,-0.6539357814832945,-1.570739042309925,-1.570949311251429,-1.5706897797676767,1.570802123178923,-3.9327256276695284e-05,1.3208807294720928,8.25272422109037e-05,-0.00022039798917705106,0.0001534976237738813,8.350595955263482e-06,-5.6657051308978235e-05
1.56,-0.6273915168749108,-1.5707373838521206,-1.5709537403436349,-1.570686695097387,1.5708022909915225,-4.046582975143843e-05,1.333462472046998,8.331333628718674e-05,-0.00022249733902899465,0.00015495972973476885,8.430137617362044e-06,-5.719672489094325e-05
1.58,-0.600600639126788,-1.5707357099861858,-1.570958210584931,-1.570683581768544,1.5708024603632078,-4.161498129958358e-05,1.3455407475963521,8.406797427191228e-05,-0.00022451268196224187,0.00015636332852665447,8.506496365505265e-06,-5.771480306579651e-05
1.6,-0.5735732941523689,-1.5707340213460268,-1.570962720282402,-1.5706804409601896,1.5708026312298369,-4.277427572851595e-05,1.357107957729246,8.479068142558788e-05,-0.00022644275013326975,0.00015770753715160882,8.579624162734945e-06,-5.821095991279891e-05
1.62,-0.5463197762987801,-1.5707323185748236,-1.5709672677183655,-1.5706772738686146,1.5708028035263288,-4.3943271478796944e-05,1.368156857468302,8.548100508962794e-05,-0.00022828633466802183,0.00015899151368137376,8.64947520637001e-06,-5.8684884670315536e-05
1.6400000000000001,-0.5188505212785584,-1.5707306023245886,-1.5709718511515518,-1.5706740817065379,1.5708029771867091,-4.5121520927346415e-05,1.378680555249671,8.613851468635322e-05,-0.00023004228566190734,0.00016021445725736201,8.716005928006505e-06,-5.913628173581555e-05
1.6600000000000001,-0.4911760991013825,-1.5707288732557247,-1.5709764688182823,-1.570670865702285,1.5708031521441543,-4.63085706906246e-05,1.3886725129230362,8.676280171899126e-05,-0.000231709512179802,0.00016137560809065772,8.779174993517601e-06,-5.9564870665872265e-05
1.68,-0.4633072070058053,-1.5707271320365845,-1.5709811189336498,-1.5706676270989663,1.5708033283310368,-4.750396192781417e-05,1.398126545751612,8.735347977167625e-05,-0.00023328698225604782,0.00016247424746201617,8.83894330305361e-06,-5.997038617616324e-05
1.7,-0.435254662390975,-1.5707253793430276,-1.5709857996926966,-1.5706643671536564,1.5708035056789686,-4.8707230644002533e-05,1.4070368224121417,8.791018450944893e-05,-0.00023477372289445266,0.0001635096977218635,8.895273991041944e-06,-6.035257814147004e-05
1.72,-0.4070293957483744,-1.5707236158579796,-1.570990509271596,-1.5706610871365714,1.5708036841188475,-4.991790799336363e-05,1.4153978649949008,8.84325736782566e-05,-0.0002361688200682907,0.00016448132229029716,8.948132426187163e-06,-6.071121159567846e-05
1.74,-0.37864244359354204,-1.5707218422709903,-1.5709952458288294,-1.5706577883302486,1.5708038635809007,-5.1135520582340254e-05,1.423204549003694,8.892032710495331e-05,-0.00023747141872030258,0.00016538852565708582,8.997486211470947e-06,-6.104606673177843e-05
1.76,-0.350104941397807,-1.5707200592777926,-1.5710000075063677,-1.570654472028725,1.57080404399473,-5.235959077282598e-05,1.4304521033558573,8.937314669729965e-05,-0.0002386807227626945,0.0001662307533816691,9.043305184152085e-06,-6.135693890186394e-05
1.78,-0.32142811652001524,-1.5707182675798597,-1.5710047924308488,-1.5706511395367158,1.570804225289356,-5.358963698534737e-05,1.437136110382258,8.979075644396284e-05,-0.00023979599507713926,0.00016700749209315775,9.08556141576652e-06,-6.164363861713323e-05
1.8,-0.29262328113826164,-1.570716467883965,-1.5710095987147583,-1.5706477921687925,1.5708044073932632,-5.482517400224588e-05,1.4432525058272936,9.017290241451677e-05,-0.00024081655751477616,0.00016771826949033396,9.1242292121273e-06,-6.190599154788866e-05
1.82,-0.26370182518161633,-1.5707146609017388,-1.5710144244576092,-1.5706444312485623,1.5708045902344447,-5.606571327086016e-05,1.4487975788488916,9.051935275944194e-05,-0.0002417417908962098,0.00016836265434165063,9.159285113324604e-06,-6.214383852353672e-05
1.84,-0.2346752092618558,-1.5707128473492287,-1.5710192677471193,-1.570641058107846,1.5708047737404465,-5.7310763206707995e-05,1.4537679720185115,9.082989771012539e-05,-0.0002425711350115119,0.00016894025648523213,9.190707893725743e-06,-6.235703553258802e-05
1.86,-0.20555495760519205,-1.5707110279464558,-1.571024126660393,-1.5706376740858574,1.5708049578384125,-5.855982949666845e-05,1.458160681321142,9.110434957886084e-05,-0.00024330408862021968,0.00016945072682887375,9.21847856197514e-06,-6.254545372265734e-05
1.8800000000000001,-0.176352650984003,-1.570709203416975,-1.5710289992650992,-1.5706342805283808,1.5708051424551293,-5.9812415402163855e-05,1.4619730561553037,9.134254275884868e-05,-0.0002439402094513368,0.00016989375735004206,9.242580360994362e-06,-6.270897940046359e-05
1.9000000000000001,-0.14707991964855904,-1.5707073744874318,-1.5710338836206508,-1.570630878786951,1.5708053275170706,-6.106802206234204e-05,1.4652027993330456,9.154433372419577e-05,-0.000244479114203333,0.00017026908109587447,9.26299876798208e-06,-6.28475140318298e-05
1.92,-0.11774843625875686,-1.570705541887122,-1.5710387777793848,-1.5706274702180305,1.5708055129504417,-6.232614879725826e-05,1.4678479670799527,9.170960102991586e-05,-0.00024492047854414467,0.00017057647218318012,9.27972149441412e-06,-6.29609742416833e-05
1.94,-0.0883699088158425,-1.570703706347549,-1.571043679787741,-1.5706240561821894,1.5708056986812249,-6.358629341105746e-05,1.4699069690351336,9.183824531192897e-05,-0.0002452640371111735,0.00017081574579843857,9.292738486043394e-06,-6.304929181405533e-05
1.96,-0.05895607359414812,-1.5707018686019831,-1.5710485876874418,-1.5706206380432826,1.5708058846352235,-6.484795249515615e-05,1.4713785682512321,9.193018928706208e-05,-0.0002455095835112881,0.00017098675819780102,9.302041922899981e-06,-6.311241369208142e-05
1.98,-0.029518688072815547,-1.5707000293850193,-1.5710534995166712,-1.5706172171676298,1.570806070738107,-6.611062173142465e-05,1.4722618811944226,9.198537775304859e-05,-0.00024565697032082317,0.00017108940670708967,9.30762621929106e-06,-6.315030197800126e-05
2.0,-6.952386752878681e-05,-1.5706981894321355,-1.5710584133112544,-1.5706137949231933,1.5708062569154553,-6.73737961953691e-05,1.4725563777444073,9.200377758852851e-05,-0.00024570610908557916,0.00017112362972179773,9.309488023800938e-06,-6.316293393315853e-05
2.02,0.02937964033775753,-1.5706963494792516,-1.5710633271058378,-1.5706103726787568,1.5708064430928035,-6.863697065931353e-05,1.4722618811944232,9.198537775304864e-05,-0.0002456569703208232,0.0001710894067070897,9.307626219291062e-06,-6.315030197800126e-05
2.04,0.05881702585909099,-1.5706945102622878,-1.5710682389350672,-1.570606951803104,1.570806629195687,-6.989963989558207e-05,1.4713785682512315,9.193018928706203e-05,-0.000245509583511288,0.0001709867581978009,9.302041922899974e-06,-6.311241369208138e-05
2.06,0.0882308610807847,-1.5706926725167218,-1.571073146834768,-1.5706035336641972,1.5708068151496857,-7.116129897968071e-05,1.469906969035133,9.1838245311929e-05,-0.00024526403711117354,0.00017081574579843852,9.292738486043396e-06,-6.304929181405533e-05
2.08,0.11760938852369884,-1.5706908369771488,-1.5710780488431242,-1.570600119628356,1.5708070008804689,-7.24214435934799e-05,1.4678479670799525,9.170960102991587e-05,-0.00024492047854414467,0.00017057647218318014,9.279721494414122e-06,-6.296097424168332e-05
2.1,0.1469408719135019,-1.5706890043768391,-1.5710829430018582,-1.5705967110594357,1.57080718631384,-7.367957032839616e-05,1.4652027993330463,9.154433372419578e-05,-0.00024447911420333307,0.00017026908109587445,9.262998767982082e-06,-6.284751403182983e-05
2.12,0.1762136032489452,-1.570687175447296,-1.5710878273574098,-1.5705933093180058,1.5708073713757813,-7.493517698857431e-05,1.4619730561553044,9.13425427588487e-05,-0.00024394020945133694,0.0001698937573500421,9.242580360994367e-06,-6.270897940046361e-05
2.14,0.20541590987013492,-1.5706853509178151,-1.571092699962116,-1.5705899157605292,1.570807555992498,-7.618776289406974e-05,1.4581606813211414,9.110434957886084e-05,-0.00024330408862021966,0.00016945072682887372,9.218478561975139e-06,-6.254545372265731e-05
2.16,0.23453616152679846,-1.5706835315150423,-1.5710975588753897,-1.5705865317385406,1.570807740090464,-7.743682918403018e-05,1.4537679720185115,9.082989771012537e-05,-0.0002425711350115119,0.00016894025648523216,9.19070789372574e-06,-6.235703553258801e-05
2.18,0.26356277744655876,-1.570681717962532,-1.5711024021648998,-1.5705831585978243,1.5708079235964658,-7.868187911987802e-05,1.4487975788488923,9.051935275944196e-05,-0.0002417417908962099,0.00016836265434165074,9.159285113324607e-06,-6.214383852353672e-05
2.2,0.29248423340320495,-1.570679910980306,-1.5711072279077507,-1.5705797976775941,1.5708081064376473,-7.992241838849233e-05,1.443252505827293,9.017290241451675e-05,-0.00024081655751477608,0.00016771826949033388,9.124229212127298e-06,-6.190599154788863e-05
2.22,0.32128906878495767,-1.5706781112844113,-1.5711120341916602,-1.5705764503096709,1.5708082885415546,-8.115795540539082e-05,1.4371361103822584,8.979075644396291e-05,-0.00023979599507713945,0.00016700749209315783,9.085561415766524e-06,-6.164363861713327e-05
2.24,0.34996589366274966,-1.5706763195864784,-1.5711168191161413,-1.5705731178176616,1.5708084698361806,-8.238800161791221e-05,1.430452103355857,8.93731466972996e-05,-0.0002386807227626943,0.00016623075338166905,9.043305184152085e-06,-6.135693890186394e-05
2.2600000000000002,0.37850339585848536,-1.5706745365932806,-1.5711215807936796,-1.570569801516138,1.5708086502500098,-8.361207180839797e-05,1.423204549003694,8.89203271049533e-05,-0.00023747141872030255,0.0001653885256570858,8.997486211470942e-06,-6.104606673177844e-05
2.2800000000000002,0.40689034801331636,-1.5706727630062913,-1.5711263173509131,-1.5705665027098152,1.570808829712063,-8.482968439737454e-05,1.4153978649949013,8.843257367825664e-05,-0.00023616882006829098,0.0001644813222902973,8.948132426187166e-06,-6.071121159567851e-05
2.3000000000000003,0.43511561465591786,-1.5706709995212433,-1.5711310269298124,-1.5705632226927302,1.570809008151942,-8.604036174673567e-05,1.407036822412142,8.79101845094489e-05,-0.0002347737228944527,0.00016350969772186344,8.895273991041945e-06,-6.035257814147004e-05
2.32,0.4631681592707473,-1.5706692468276864,-1.5711357076888592,-1.5705599627474203,1.5708091854998738,-8.7243630462924e-05,1.398126545751613,8.73534797716763e-05,-0.00023328698225604799,0.00016247424746201625,8.838943303053613e-06,-5.99703861761633e-05
2.34,0.4910370513663258,-1.5706675056085462,-1.5711403578042267,-1.5705567241441016,1.5708093616867562,-8.84390217001136e-05,1.388672512923036,8.676280171899124e-05,-0.000231709512179802,0.00016137560809065778,8.7791749935176e-06,-5.9564870665872245e-05
2.36,0.5187114735435006,-1.5706657765396823,-1.5711449754709572,-1.5705535081398487,1.5708095366442014,-8.962607146339178e-05,1.3786805552496701,8.613851468635317e-05,-0.00023004228566190723,0.00016021445725736196,8.716005928006501e-06,-5.913628173581553e-05
2.38,0.5461807285637224,-1.5706640602894473,-1.5711495589041435,-1.570550315977772,1.5708097103045817,-9.080432091194125e-05,1.3681568574683014,8.54810050896279e-05,-0.00022828633466802183,0.00015899151368137368,8.649475206370005e-06,-5.8684884670315495e-05
2.4,0.5734342464173126,-1.5706623575182441,-1.571154106340107,-1.570547148886197,1.5708098826010737,-9.197331666222226e-05,1.3571079577292462,8.479068142558792e-05,-0.0002264427501332699,0.00015770753715160885,8.579624162734947e-06,-5.821095991279892e-05
2.42,0.6004615913917299,-1.570660668878085,-1.5711586160375781,-1.5705440080778426,1.5708100534677027,-9.313261109115462e-05,1.3455407475963512,8.406797427191224e-05,-0.00022451268196224165,0.00015636332852665441,8.506496365505264e-06,-5.771480306579649e-05
2.44,0.627252469139854,-1.5706589950121503,-1.5711630862788741,-1.5705408947489996,1.570810222839388,-9.428176263929979e-05,1.3334624720469972,8.331333628718669e-05,-0.00022249733902899454,0.00015495972973476876,8.430137617362041e-06,-5.719672489094321e-05
2.46,0.6537967337482367,-1.570657336554346,-1.57116751537108,-1.57053781007871,1.5708103906519875,-9.542033611404291e-05,1.3208807294720923,8.25272422109037e-05,-0.00022039798917705103,0.00015349762377388126,8.350595955263486e-06,-5.665705130897822e-05
2.48,0.6800843948053932,-1.570655694128862,-1.5711719016472274,-1.570534755227945,1.5708105568423416,-9.654790299277509e-05,1.3078034716760782,8.17101888634622e-05,-0.00021821595921940026,0.0001519779347115925,8.26792165044492e-06,-5.609612339974481e-05
2.5,0.7061056244700565,-1.570654068349732,-1.5711762434674736,-1.5705317313387837,1.5708107213483187,-9.76640417260752e-05,1.2942390038769203,8.086269514616764e-05,-0.00021595263493849734,0.0001504016276851738,8.182167208418793e-06,-5.551429740219011e-05
2.52,0.7318507645394559,-1.5706524598203904,-1.5711805392202813,-1.5705287395335918,1.5708108841088602,-9.87683380408922e-05,1.2801959847061246,7.998530204123243e-05,-0.00021360946108626367,0.0001487697089015682,8.093387368974698e-06,-5.491194471436588e-05
2.54,0.7573103335175877,-1.5706508691332308,-1.5711847873235982,-1.5705257809142,1.5708110450640236,-9.986038524372707e-05,1.2656834262087207,7.907857261177518e-05,-0.00021118794138408716,0.00014708322563738928,8.00163910617932e-06,-5.4289451893427654e-05
2.56,0.7824750336834811,-1.5706492968691652,-1.5711889862260358,-1.570522856561083,1.570811204155029,-0.00010093978452381488,1.2507106938432742,7.814309200182181e-05,-0.00020868963852282163,0.00014534326623892282,7.906981628376535e-06,-5.3647220655635504e-05
2.58,0.8073357581594753,-1.570647743597182,-1.5711931344080494,-1.5705199675325376,1.570811361324303,-0.00010200614525630717,1.2352875064818718,7.717946743630397e-05,-0.00020611617416278617,0.00014355096012212405,7.80947637818724e-06,-5.2985667876353047e-05
2.6,0.8318835979794832,-1.5706462098739038,-1.5711972303831168,-1.5705171148638621,1.570811516515523,-0.0001030590853054535,1.2194239364101445,7.61883282210605e-05,-0.00020346922893376847,0.000141707477772621,7.709187032509563e-06,-5.230522559004863e-05
2.62,0.8561098491572698,-1.5706446962431464,-1.5712012726989184,-1.5705142995665338,1.5708116696736627,-0.00010409823132778405,1.2031304093272426,7.517032574283676e-05,-0.00020075054243501937,0.0001398140307457115,7.606179502518694e-06,-5.160634099029438e-05
2.64,0.8800060197547146,-1.5706432032354776,-1.5712052599385165,-1.5705115226273885,1.5708118207450357,-0.00010512321907529145,1.1864177043458495,7.412613346928459e-05,-0.0001979619132352578,0.0001378718716663652,7.500521933666958e-06,-5.088947642976666e-05
2.66,0.9035638369500876,-1.5706417313677743,-1.5712091907215338,-1.5705087850077986,1.5708119696773417,-0.0001061336936986128,1.1692969539921834,7.305644694896254e-05,-0.00019510519887266863,0.0001358822942292231,7.392284705683825e-06,-5.015510942024602e-05
2.68,0.9267752541063157,-1.570640281142782,-1.5712130637053339,-1.5705060876428523,1.5708121164197097,-0.0001071293100502119,1.1517796442059949,7.19619838113362e-05,-0.00019218231585490324,0.00013384663319859728,7.281540432575902e-06,-4.940373263261731e-05
2.7,0.949632457839261,-1.5706388530486728,-1.5712168775862003,-1.5705034314405315,1.570812260922744,-0.00010810973298756133,1.1338776143405556,7.084348376677691e-05,-0.0001891952396590777,0.00013176626440846993,7.16836396262687e-06,-4.863585389686918e-05
2.72,0.9721278750859845,-1.5706374475586036,-1.5712206311005157,-1.5705008172808907,1.570812403138567,-0.00010907463767632447,1.1156030571626745,6.970170860656334e-05,-0.00018614600473177608,0.0001296426047624959,7.052832378397587e-06,-4.785199620209464e-05
2.74,0.9942541801730189,-1.570636065130275,-1.571224323025941,-1.5704982460152361,1.5708125430208666,-0.00011002370989353758,1.0969685188526856,6.853744220288025e-05,-0.00018303670448904677,0.00012747711223399963,6.9350249967259785e-06,-4.7052697696490706e-05
2.7600000000000002,1.0160043018846356,-1.570634706205489,-1.5712279521825958,-1.5704957184653028,1.570812680524938,-0.00011095664633079193,1.0779868990044663,6.735149050881973e-05,-0.00017986949131640632,0.00012527128586597836,6.815023368727185e-06,-4.623851168735878e-05
2.7800000000000002,1.037371430531123,-1.570633371209708,-1.5712315174342368,-1.5704932354224355,1.570812815607731,-0.00011187315489741578,1.0586714506254111,6.614468155837995e-05,-0.00017664657656883622,0.00012302666577109912,6.6929112797933826e-06,-4.541000664110426e-05
2.8000000000000003,1.0583490250170495,-1.5706320605516124,-1.5712350176894372,-1.5704907976467648,1.5708129482278925,-0.00011277295502365662,1.0390357801364554,6.49178654664658e-05,-0.0001733702305707847,0.0001207448331317006,6.568774749593947e-06,-4.456776618323666e-05
2.82,1.0789308199095404,-1.5706307746226604,-1.5712384519027667,-1.570488405866388,1.5708130783458127,-0.00011365577796386311,1.0190938473720537,6.367191442888871e-05,-0.00017004278261616528,0.00011842741019979238,6.442702032075307e-06,-4.371238909836968e-05
2.84,1.0991108325065424,-1.5706295137966448,-1.5712418190759707,-1.5704860607765456,1.5708132059236688,-0.0001145213670996674,0.9988599655802007,6.240772272236693e-05,-0.00016666662096835887,0.00011607606029705579,6.314783615461084e-06,-4.284448933022107e-05
2.86,1.118883369905105,-1.5706282784292518,-1.5712451182591494,-1.5704837630388022,1.5708133309254702,-0.00011536947824316694,0.9783488014224152,6.112620670452505e-05,-0.00016324419286021068,0.00011369248781484193,6.18511222225194e-06,-4.196469598161263e-05
2.88,1.1382430360696332,-1.5706270688576207,-1.571248348551937,-1.570481513280223,1.5708134533171036,-0.0001161998799401064,0.9575753749737561,5.982830481389481e-05,-0.00015977800449403496,0.00011127843821417515,6.053782809225781e-06,-4.10736533144709e-05
2.9,1.1571847389001695,-1.5706258853999,-1.5712515091046821,-1.5704793120925535,1.5708135730663766,-0.00011701235377306034,0.9365550597228062,5.851497756991425e-05,-0.00015627062104161068,0.00010883569802574938,5.920892567437559e-06,-4.017202074982601e-05
2.92,1.1757036973006736,-1.5706247283548078,-1.5712545991196258,-1.5704771600313978,1.5708136901430632,-0.00011780669466461495,0.915303582571674,5.7187207572927495e-05,-0.0001527246666441809,0.00010636609484992942,5.786540922219334e-06,-3.9260472867812134e-05
2.94,1.1937954482472724,-1.5706235980011891,-1.5712576178520825,-1.5704750576153974,1.570813804518948,-0.00011858271118054997,0.8938370238360092,5.584599950418625e-05,-0.00014914282441245841,0.00010387149735675228,5.6508295331803634e-06,-3.833969940766792e-05
2.96,1.2114558538565428,-1.5706224945975746,-1.5712605646116176,-1.5704730053254097,1.5708139161678716,-0.00011934022583302105,0.8721718172449884,5.449238012584841e-05,-0.0001455278364266207,0.00010135381528592604,5.5138622942070035e-06,-3.741040526773628e-05
2.98,1.2286811084537832,-1.5706214183817386,-1.5712634387632285,-1.5704710036036869,1.5708140250657745,-0.00012007907538374181,0.8503247499413168,5.3127398280978444e-05,-0.00014188250373631066,9.881499944682911e-05,5.375745333462682e-06,-3.647331050546385e-05
3.0,1.2454677456412817,-1.5706203695702585,-1.5712662397285226,-1.5704690528530536,1.570814131190742,-0.00012079911114716568,0.8283129624812293,5.175212489354729e-05,-0.00013820968636063828,9.625704171851122e-05,5.236587013388028e-06,-3.552915033740167e-05
3.02,1.261812645366585,-1.5706193483580715,-1.5712689669868984,-1.5704671534360868,1.5708142345230494,-0.00012150019929366825,0.8061539488344956,5.0367652968432946e-05,-0.00013451230328817958,9.368197504969406e-05,5.096497930700766e-06,-3.4578675139204904e-05
3.04,1.2777130409907715,-1.5706183549180344,-1.571271620076723,-1.5704653056742937,1.570814335045206,-0.00012218222115272943,0.7838655563844096,4.8975097591419434e-05,-0.0001307933324769762,9.10918734587691e-05,4.9555909163957e-06,-3.362265044563251e-05
3.06,1.2931665263567158,-1.5706173894004813,-1.5712741985965124,-1.5704635098472899,1.5708144327419997,-0.00012284507351611483,0.7614659859278089,4.75755959291983e-05,-0.00012705581085453748,8.848885203380047e-05,4.813981035744853e-06,-3.2661856950548437e-05
3.08,1.308171062857371,-1.5706164519327823,-1.5712767022061112,-1.570461766191979,1.5708145276005432,-0.00012348866894105893,0.7389737916750465,4.617030722936665e-05,-0.00012330283431783714,8.58750669325223e-05,4.671785588297313e-06,-3.1697090506919964e-05
3.1,1.3227249865040327,-1.5706155426189017,-1.5712791306278717,-1.5704600749017312,1.5708146196103159,-0.00012411293605344649,0.7164078812500149,4.4760412820429064e-05,-0.00011953755773331575,8.325271538234032e-05,4.5291241078793065e-06,-3.072916212681862e-05
3.12,1.3368270149946029,-1.5706146615389565,-1.5712814836478326,-1.5704584361255607,1.5708147087632118,-0.00012471781985099438,0.693787515690135,4.3347116111796295e-05,-0.00011576319493688121,8.062403568033135e-05,4.3861183625941866e-06,-2.9758897981420687e-05
3.14,1.3504762547818743,-1.5706138087487742,-1.5712837611169,-1.570456849967305,1.5708147950535816,-0.00012530328200643446,0.6711323094463547,4.193164259378559e-05,-0.00011198301873390482,7.799130719324291e-05,4.242892354822395e-06,-2.8787139401005696e-05
3.16,1.3636722081417911,-1.5706129842794525,-1.5712859629520248,-1.5704553164848045,1.5708148784782787,-0.000125869301170695,0.648462230383162,4.051523983762139e-05,-0.00010820036089922702,7.535685035749448e-05,4.099572321221592e-06,-2.7814742874958063e-05
3.18,1.376414780241725,-1.5706121881369162,-1.5712880891373835,-1.570453835689079,1.5708149590367035,-0.0001264158732760832,0.6257975997785614,3.909917749543387e-05,-0.00010441861217715204,7.272302667917531e-05,3.95628673272644e-06,-2.6842580051765753e-05
3.2,1.3887042862087347,-1.5706114203014767,-1.5712901397255576,-1.5704524075435082,1.5708150367308484,-0.00012694301183946674,0.603159092324108,3.768474730026116e-05,-0.0001006412222814532,7.009223873404827e-05,3.813166294548857e-06,-2.587153773902174e-05
3.22,1.4005414581978535,-1.5706106807273894,-1.5712921148387118,-1.5704510319630094,1.5708151115653421,-0.00012745074826545633,0.5805677361248671,3.627326306604675e-05,-9.68716998953664e-05,6.746693016754457e-05,3.6703439461777907e-06,-2.490251790342201e-05
3.24,1.4119274524603487,-1.5706099693424131,-1.5712940146697747,-1.5704497088132165,1.5708151835474942,-0.0001279391321495878,0.558044912699453,3.4866060687641654e-05,-9.311361267159786e-05,6.484958569476863e-05,3.527954861379388e-06,-2.3936437670767872e-05
3.2600000000000002,1.4228638564119982,-1.570609286047368,-1.5712958394836174,-1.5704484379096584,1.5708152526873405,-0.00012840823158150383,0.5356123569799863,3.346449814080224e-05,-8.937058723231554e-05,6.224273110049413e-05,3.386136448196799e-06,-2.2974229325963652e-05
3.2800000000000002,1.4333526957013558,-1.5706086307156932,-1.5712975896182333,-1.570447219016937,1.570815318997687,-0.00012885813344813663,0.513292157312146,3.206995548219315e-05,-8.564630916915644e-05,5.964893323916742e-05,3.245028348950441e-06,-2.2016840313018452e-05
3.3000000000000003,1.443396441278023,-1.5706080031930068,-1.5712992654859173,-1.5704460518479069,1.5708153824941553,-0.00012928894373688912,0.4911067554551196,3.068383484938412e-05,-8.194452304322227e-05,5.7070800034905126e-05,3.1047724402377497e-06,-2.1065233235045375e-05
3.3200000000000003,1.452998016460918,-1.5706074032966626,-1.571300867574445,-1.5704449360628536,1.5708154431952261,-0.00012970078783881785,0.46907894658164084,2.9307560460852738e-05,-7.826903238508255e-05,5.4510980481495797e-05,2.965512832933391e-06,-2.012038585426196e-05
3.34,1.4621608040065488,-1.5706068308153096,-1.5713023964482529,-1.570443871268672,1.5708155011222857,-0.00013009381085181434,0.44723187927797436,2.794257861598302e-05,-7.462369969477366e-05,5.19721646423997e-05,2.8273958721891036e-06,-1.9183291091989765e-05
3.36,1.470888653177294,-1.57060628550845,-1.5713038527496161,-1.5704428570180446,1.5708155562996688,-0.0001304681778837882,0.42558905554389226,2.6590357695064287e-05,-7.101244644179368e-05,4.945708365074465e-05,2.6905701374336907e-06,-1.825495702865381e-05
3.38,1.4791858868096561,-1.5706057671059974,-1.57130523719983,-1.5704418928086215,1.5708156087547043,-0.00013082407435584834,0.40417433079272175,2.525238815929409e-05,-6.74392530651102e-05,4.696850970933333e-05,2.5551864423731344e-06,-1.7336406903783984e-05
3.4,1.487057308382533,-1.5706052753078357,-1.5713065506003874,-1.5704409780821966,1.57081565851776,-0.00013116170630548494,0.38301191385131994,2.3930182550776202e-05,-6.390815897315899e-05,4.4509256090639577e-05,2.421397834990613e-06,-1.6428679116014508e-05
3.42,1.4945082090855046,-1.5706048097833767,-1.57130779383416,-1.5704401122238891,1.5708157056222865,-0.00013148130068975245,0.36212636696006,2.2625275492520456e-05,-6.0423262543837975e-05,4.208217713680559e-05,2.2893595975463353e-06,-1.5532827223083073e-05
3.44,1.5015443748870934,-1.5706043701711192,-1.5713089678665761,-1.5704392945613197,1.5708157501048625,-0.00013178310568845065,0.3415426057728552,2.1339223688443663e-05,-5.698872112451193e-05,3.9690168259646844e-05,2.1592292465776303e-06,-1.464991994183191e-05
3.46,1.508172093603025,-1.570603956078207,-1.5713100737468009,-1.5704385243637908,1.57081579200524,-0.00013206739100730776,0.3212858993571477,2.007360592336935e-05,-5.3608751032015176e-05,3.7336165940650004e-05,2.0311665328990483e-06,-1.3781041148207485e-05
3.48,1.514398161964528,-1.5706035670799878,-1.5713111126089152,-1.570437800841464,1.5708158313663876,-0.00013233444818116163,0.3013818701939082,1.88300230630271e-05,-5.0287627552643255e-05,3.5023147730970604e-05,1.9053334416021278e-06,-1.2927289877259717e-05
3.5,1.5202298926865612,-1.5706032027195704,-1.5713120856730955,-1.570437123144539,1.5708158682345361,-0.00013258459087714175,0.28185649417764136,1.7610098054054394e-05,-4.702968494216166e-05,3.2754132251437956e-05,1.7818941920556483e-06,-1.2089780323143624e-05
3.52,1.5256751215361262,-1.5706028625073847,-1.5713129942467936,-1.5704364903624335,1.5708159026592234,-0.00013281815519785244,0.26273610061638236,1.6415475923994026e-05,-4.3839316425801487e-05,3.053217919255171e-05,1.661015237905493e-06,-1.1269641839117904e-05
3.54,1.5307422144005263,-1.5706025459207384,-1.5713138397259148,-1.5704359015229594,1.5708159346933384,-0.00013303549998455424,0.24404737223169137,1.524782378129549e-05,-4.0720974198257244e-05,2.8360389314481636e-05,1.5428652670746024e-06,-1.0468018937545156e-05
3.56,1.535440074355607,-1.5706022524033771,-1.571314623595998,-1.5704353555915034,1.5708159643931663,-0.00013323700712034522,0.22581734515867521,1.410883081531608e-05,-3.76791694236938e-05,2.6241904447069856e-05,1.4276152017631511e-06,-9.686071289892736e-06
3.58,1.5397781487340687,-1.5706019813650411,-1.5713153474333958,-1.5704348514702045,1.570815991818433,-0.00013342308183334435,0.2080734089459496,1.3000208296318822e-05,-3.471847223574034e-05,2.4179907489829637e-05,1.3154381984483631e-06,-8.924973726731686e-06
3.6,1.5437664361937244,-1.5706017321810248,-1.5713160129064525,-1.5704343879971336,1.57081601703235,-0.0001335941529998736,0.1908433065556741,1.1923689575473072e-05,-3.184351173749076e-05,2.2177622411944485e-05,1.206509647884584e-06,-8.185916237737282e-06
3.62,1.5474154937857514,-1.5706015041917347,-1.571316621776684,-1.570433963945471,1.5708160401016589,-0.0001337506734476384,0.1741551343635335,1.0881030084855549e-05,-2.905897600150629e-05,2.0238314252269394e-05,1.1010071751033255e-06,-7.470103971688894e-06
3.64,1.5507364440229758,-1.570601296702248,-1.571317175899958,-1.570433578022686,1.5708160610966762,-0.00013389312025891115,0.15803734215875254,9.874007337449303e-06,-2.6369612069816357e-05,1.8365289119331674e-05,9.991106394132338e-07,-6.778757236470246e-06
3.66,1.553740981948164,-1.5706011089818706,-1.5713176772276725,-1.570433228869714,1.5708160800913376,-0.00013402199507371387,0.14251873314407776,8.904420927143659e-06,-2.3780225953912518e-05,1.656189419132709e-05,9.010021344000125e-07,-6.113111499069053e-06
3.68,1.5564413822022463,-1.5706009402636958,-1.5713181278079351,-1.5704329150601375,1.5708160971632434,-0.00013413782439299795,0.1276284639357852,7.974092528735354e-06,-2.1295682634755385e-05,1.4831517716124674e-05,8.068659879265279e-07,-5.474417385577041e-06
3.7,1.5588505060926332,-1.5706007897441625,-1.5713185297867431,-1.5704326350993627,1.5708161123937028,-0.00013424115988182892,0.11339604456368121,7.0848658979264355e-06,-1.892090606277118e-05,1.317758901126418e-05,7.168887621328171e-07,-4.863940681190274e-06
3.72,1.560981808661455,-1.570600656582614,-1.5713188854091622,-1.5704323874237986,1.5708161258677782,-0.0001343325786725665,0.09985133847111162,6.238606871327386e-06,-1.6660879157852576e-05,1.1603578463956412e-05,6.312592534359756e-07,-4.2829623302091424e-06
3.74,1.5628493457538504,-1.5706005399008558,-1.5713191970205067,-1.570432170400036,1.5708161376743306,-0.00013441268366804737,0.08702456251495086,5.437203366453451e-06,-1.4520643809356543e-05,1.0112997531082712e-05,5.501684925302507e-07,-3.7327784360375013e-06
3.7600000000000002,1.5644677810862286,-1.5706004387827142,-1.5713194670675177,-1.5704319823240256,1.570816147906064,-0.00013448210384476789,0.07494628696559935,4.682565381728377e-06,-1.2505300876110416e-05,8.709398739198126e-06,4.738097443870515e-07,-3.214700261184515e-06
3.7800000000000002,1.5658523933145418,-1.5706003522735947,-1.5713196980995436,-1.570431821420257,1.57081615665957,-0.00013454149455606544,0.0636474355069809,3.976624996480121e-06,-1.0620010186401056e-05,7.396375684523293e-06,4.023785082547976e-07,-2.7300542272617243e-06
3.8000000000000003,1.5670190831025619,-1.5706002793800409,-1.571319892769719,-1.570431685840938,1.5708161640353722,-0.0001345915378353007,0.05315928523657096,3.3213363709456342e-06,-8.86999053798873e-06,6.1775630329565065e-06,3.3607251765920126e-07,-2.2801819149868565e-06
3.8200000000000003,1.5679843801901274,-1.5706002190692916,-1.571320053836144,-1.5704315736651706,1.5708161701379717,-0.00013463294269903934,0.04351346666535954,2.718675746267924e-06,-7.2605196980962546e-06,5.056636520063643e-06,2.7509174040297923e-07,-1.8664400641806585e-06
3.84,1.5687654504614619,-1.5706001702688404,-1.571320184163064,-1.5704314828981332,1.5708161750758909,-0.00013466644545023516,0.03474196371786977,2.170641444495243e-06,-5.796934403412045e-06,4.03731295108125e-06,2.1963837856603725e-07,-1.4902005737677757e-06
3.86,1.5693801030133865,-1.570600131865994,-1.5713202867220488,-1.5704314114702564,1.5708161789617185,-0.00013469280998141097,0.026877113732155077,1.6792538685837504e-06,-4.484630360090986e-06,3.123350200918754e-06,1.6991686850533038e-07,-1.1528505017774137e-06
3.88,1.5698467972236365,-1.5706001027074292,-1.5713203645931715,-1.5704313572364026,1.570816181912155,-0.0001347128280778412,0.019951607459804812,1.2465555023956629e-06,-3.3290622437561518e-06,2.3185472141557713e-06,1.2613388085495318e-07,-8.557920653429906e-07
3.9,1.5701846498190974,-1.5706000815987535,-1.5713204209661893,-1.570431317975045,1.5708161840480563,-0.0001347273197207347,0.013998489065929815,8.746109107009917e-07,-2.335743699494913e-06,1.6267440050428907e-06,8.849832052626034e-08,-6.004426407020429e-07
3.92,1.5704134419441158,-1.5706000673040614,-1.571320459141721,-1.5704312913874459,1.570816185494478,-0.0001347371333904149,0.009051156129188258,5.655067391745612e-07,-1.5102473418606704e-06,1.0518216575026689e-06,5.722132670757891e-08,-3.882347631961145e-07
3.94,1.5705536262287199,-1.5706000585454944,-1.5713204825324283,-1.5704312750968343,1.5708161863807217,-0.00013474314636950413,0.005143359641752714,3.2135171439920824e-07,-8.58204754875891e-07,5.977023251290688e-07,3.251627286444173e-08,-2.2061612727130167e-07
3.96,1.5706263338569486,-1.5706000540027982,-1.5713204946641937,-1.570431266647587,1.5708161868403787,-0.00013474626504610454,0.002309204009324564,1.442766438633929e-07,-3.853064920242927e-07,2.6834923118494134e-07,1.4598766739412895e-08,-9.904958647672038e-08
3.98,1.5706533816350579,-1.5706000523128814,-1.5713204991773004,-1.5704312635044042,1.5708161870113746,-0.00013474742521697987,0.0005831470511487601,3.64344159627769e-08,-9.730207625866903e-08,6.776666860632215e-08,3.6866503522847833e-09,-2.5013153466701204e-08
4.0,1.570657279059839,-1.5706000520693744,-1.5713204998276125,-1.57043126305149,1.570816187036014,-0.0001347475923907382,0.0,0.0,0.0,0.0,0.0,0.0
