max_connection_distance,trial,solved,planning_time_s,state_checks,waypoints,normalized_path_length
0.15,1,True,0.07766817799711134,365,43,0.9801747704771985
0.15,2,True,0.043948815000476316,200,32,0.7261778575712611
0.15,3,True,0.04543892800575122,193,29,0.649666978228793
0.35,1,True,0.02490495899110101,116,13,0.6264413880823007
0.35,2,True,0.028242177999345586,128,14,0.6694636737582738
0.35,3,True,0.0377141089993529,158,14,0.7063809554125752
0.7,1,True,0.02501074899919331,106,7,0.6285141465895958
0.7,2,True,0.022710292003466748,106,7,0.6306297063151269
0.7,3,True,0.048525433012400754,230,9,0.8868511995216029
